[
  {
    "id": "f50f46ea-d705-4c2f-ba7a-95a712258b07",
    "data": [
      {
        "text": "I am going abroad, I want to use my same phone",
        "userDefined": false
      }
    ],
    "isTemplate": false,
    "count": 0,
    "lang": "en",
    "updated": 0
  },
  {
    "id": "13d9a7ed-99ae-4487-abdd-291d2431a6f3",
    "data": [
      {
        "text": "What to do if i want to use my same phone abroad?",
        "userDefined": false
      }
    ],
    "isTemplate": false,
    "count": 0,
    "lang": "en",
    "updated": 0
  },
  {
    "id": "a1a88d72-9e94-4544-9776-595a1ec1bf18",
    "data": [
      {
        "text": "I want to use my phone abroad with my current plan",
        "userDefined": false
      }
    ],
    "isTemplate": false,
    "count": 0,
    "lang": "en",
    "updated": 0
  },
  {
    "id": "572c5b6d-8270-401b-80d6-5b4e6852e882",
    "data": [
      {
        "text": "Can I use my phone abroad with my current plan?",
        "userDefined": false
      }
    ],
    "isTemplate": false,
    "count": 0,
    "lang": "en",
    "updated": 0
  }
]