[
  {
    "id": "df75555b-3001-42c8-b9ff-d8beeb3f00c0",
    "data": [
      {
        "text": "I want to close my account",
        "userDefined": false
      }
    ],
    "isTemplate": false,
    "count": 0,
    "lang": "en",
    "updated": 0
  },
  {
    "id": "145578d2-8ad0-4392-b4fb-ffcbdb0dc942",
    "data": [
      {
        "text": "What is the procedure to close an account?",
        "userDefined": false
      }
    ],
    "isTemplate": false,
    "count": 0,
    "lang": "en",
    "updated": 0
  }
]