[
  {
    "id": "de8560f1-a094-40a9-8e75-8eb2f2768ca6",
    "data": [
      {
        "text": "Buy a ",
        "userDefined": false
      },
      {
        "text": "jewellery",
        "meta": "@sys.unit-information-name",
        "alias": "unit-information-name",
        "userDefined": true
      }
    ],
    "isTemplate": false,
    "count": 0,
    "lang": "en",
    "updated": 0
  },
  {
    "id": "53aa9f2e-73e4-4d02-98e4-25f7618d9d7e",
    "data": [
      {
        "text": "I want to buy a ",
        "userDefined": false
      },
      {
        "text": "ring",
        "meta": "@sys.unit-information-name",
        "alias": "unit-information-name",
        "userDefined": true
      }
    ],
    "isTemplate": false,
    "count": 0,
    "lang": "en",
    "updated": 0
  },
  {
    "id": "69a2d3de-0a2c-42ad-b1bb-36896c7ac9f9",
    "data": [
      {
        "text": "show me ",
        "userDefined": false
      },
      {
        "text": "bracelets",
        "meta": "@sys.unit-information-name",
        "alias": "unit-information-name",
        "userDefined": true
      }
    ],
    "isTemplate": false,
    "count": 0,
    "lang": "en",
    "updated": 0
  },
  {
    "id": "8eb68c2f-2ce7-4d2f-9907-1c93a98d9310",
    "data": [
      {
        "text": "show me ",
        "userDefined": false
      },
      {
        "text": "perfume",
        "meta": "@sys.unit-information-name",
        "alias": "unit-information-name",
        "userDefined": true
      }
    ],
    "isTemplate": false,
    "count": 0,
    "lang": "en",
    "updated": 0
  },
  {
    "id": "2744fad3-e7d3-45ec-aba4-2cc861397231",
    "data": [
      {
        "text": "show me ",
        "userDefined": false
      },
      {
        "text": "cricket bat",
        "meta": "@sys.unit-information-name",
        "alias": "unit-information-name",
        "userDefined": true
      }
    ],
    "isTemplate": false,
    "count": 0,
    "lang": "en",
    "updated": 0
  }
]