[
  {
    "id": "b2519181-004a-4f7a-88f0-17f5ccdef64c",
    "data": [
      {
        "text": "Hair problem solutions",
        "userDefined": false
      }
    ],
    "isTemplate": false,
    "count": 0,
    "lang": "en",
    "updated": 0
  },
  {
    "id": "8a669fc9-cbcb-41fd-beb6-8bddf599edcc",
    "data": [
      {
        "text": "skin care tips",
        "userDefined": false
      }
    ],
    "isTemplate": false,
    "count": 0,
    "lang": "en",
    "updated": 0
  },
  {
    "id": "5ce42019-2134-45e8-a707-5fe094d7bd42",
    "data": [
      {
        "text": "Can you give me some health tips",
        "userDefined": false
      }
    ],
    "isTemplate": false,
    "count": 0,
    "lang": "en",
    "updated": 0
  }
]