[
  {
    "id": "b682f36a-ceb6-4d05-a335-866499961273",
    "data": [
      {
        "text": "45673",
        "meta": "@sys.number",
        "alias": "number",
        "userDefined": false
      }
    ],
    "isTemplate": false,
    "count": 0,
    "lang": "en",
    "updated": 0
  },
  {
    "id": "fe93b19b-dd07-463a-9b20-a3449a466740",
    "data": [
      {
        "text": "788990",
        "meta": "@sys.number",
        "alias": "number",
        "userDefined": false
      }
    ],
    "isTemplate": false,
    "count": 0,
    "lang": "en",
    "updated": 0
  },
  {
    "id": "1db64fa4-134e-4fa6-bf22-dd6ca1391593",
    "data": [
      {
        "text": "89120",
        "meta": "@sys.number",
        "alias": "number",
        "userDefined": false
      }
    ],
    "isTemplate": false,
    "count": 0,
    "lang": "en",
    "updated": 0
  }
]