[
  {
    "id": "5f1ac481-d9f2-428a-98d7-dffd814a6288",
    "data": [
      {
        "text": "How do i check my wifi speed?",
        "userDefined": false
      }
    ],
    "isTemplate": false,
    "count": 0,
    "lang": "en",
    "updated": 0
  },
  {
    "id": "41a56c0b-6c50-44bb-8325-998f259e2c4a",
    "data": [
      {
        "text": "How do i check my network speed?",
        "userDefined": false
      }
    ],
    "isTemplate": false,
    "count": 0,
    "lang": "en",
    "updated": 0
  },
  {
    "id": "b2ea11f3-fff3-47e9-a1a7-98c58ab278f1",
    "data": [
      {
        "text": "How can i check my internet speed?",
        "userDefined": false
      }
    ],
    "isTemplate": false,
    "count": 0,
    "lang": "en",
    "updated": 0
  },
  {
    "id": "546427c7-f551-465a-9aea-d602515bee00",
    "data": [
      {
        "text": "Why is my internet speed so slow?",
        "userDefined": false
      }
    ],
    "isTemplate": false,
    "count": 0,
    "lang": "en",
    "updated": 0
  }
]