[
  {
    "id": "135016f7-c5df-4127-bbed-a73e92e8e625",
    "data": [
      {
        "text": "#",
        "userDefined": false
      },
      {
        "text": "890",
        "meta": "@sys.number",
        "alias": "number",
        "userDefined": true
      }
    ],
    "isTemplate": false,
    "count": 0,
    "lang": "en",
    "updated": 0
  },
  {
    "id": "d962a2f9-5301-4918-a36c-211a922a94fd",
    "data": [
      {
        "text": "my order ID is #",
        "userDefined": false
      },
      {
        "text": "1234",
        "meta": "@sys.number",
        "alias": "number",
        "userDefined": true
      }
    ],
    "isTemplate": false,
    "count": 0,
    "lang": "en",
    "updated": 0
  },
  {
    "id": "a0e0bcf6-5020-47ad-a9e9-10eaca4cf081",
    "data": [
      {
        "text": "2356",
        "meta": "@sys.number",
        "alias": "number",
        "userDefined": true
      }
    ],
    "isTemplate": false,
    "count": 0,
    "lang": "en",
    "updated": 0
  }
]